id|text|url|label
1|Έχουν ήδη φύγει το δεύτερο εξάμηνο του 2019 από τα νησιά δώδεκα χιλιάδες ενενήντα πέντε άτομα|http://www.immigration.gov.gr/|
1|Έχουν ήδη φύγει το δεύτερο εξάμηνο του 2019 από τα νησιά δώδεκα χιλιάδες ενενήντα πέντε άτομα|http://www.mopocp.gov.gr/main.php|
1|Έχουν ήδη φύγει το δεύτερο εξάμηνο του 2019 από τα νησιά δώδεκα χιλιάδες ενενήντα πέντε άτομα|https://www.pvaigaiou.gov.gr/|
1|Έχουν ήδη φύγει το δεύτερο εξάμηνο του 2019 από τα νησιά δώδεκα χιλιάδες ενενήντα πέντε άτομα|http://www.ekka.org.gr/|
1|Έχουν ήδη φύγει το δεύτερο εξάμηνο του 2019 από τα νησιά δώδεκα χιλιάδες ενενήντα πέντε άτομα|https://www.unhcr.org/gr/|
2|Το Μεταναστευτικό τώρα αποκτά μία νέα διάσταση, καθώς στις ροές προς την Ελλάδα περιλαμβάνονται άνθρωποι από το Ιράν -όπου είχαμε πολλά κρούσματα Κορωνοϊού- και πολλοί διερχόμενοι από το Αφγανιστάν. |https://eody.gov.gr/|
2|Το Μεταναστευτικό τώρα αποκτά μία νέα διάσταση, καθώς στις ροές προς την Ελλάδα περιλαμβάνονται άνθρωποι από το Ιράν -όπου είχαμε πολλά κρούσματα Κορωνοϊού- και πολλοί διερχόμενοι από το Αφγανιστάν. |https://msf.gr/|
2|Το Μεταναστευτικό τώρα αποκτά μία νέα διάσταση, καθώς στις ροές προς την Ελλάδα περιλαμβάνονται άνθρωποι από το Ιράν -όπου είχαμε πολλά κρούσματα Κορωνοϊού- και πολλοί διερχόμενοι από το Αφγανιστάν. |https://www.unhcr.org/gr/|
2|Το Μεταναστευτικό τώρα αποκτά μία νέα διάσταση, καθώς στις ροές προς την Ελλάδα περιλαμβάνονται άνθρωποι από το Ιράν -όπου είχαμε πολλά κρούσματα Κορωνοϊού- και πολλοί διερχόμενοι από το Αφγανιστάν. |https://greece.iom.int/|
2|Το Μεταναστευτικό τώρα αποκτά μία νέα διάσταση, καθώς στις ροές προς την Ελλάδα περιλαμβάνονται άνθρωποι από το Ιράν -όπου είχαμε πολλά κρούσματα Κορωνοϊού- και πολλοί διερχόμενοι από το Αφγανιστάν. |https://www.gcr.gr/el/|
3|«Μας έκλεισαν μέσα και κυκλοφορούν παντού λαθρομετανάστες». (Η κυβέρνηση προχώρησε σε λοκντάουν, αλλά οι λαθρομετανάστες κυκλοφορούν παράνομα)|http://www.immigration.gov.gr/|
3|«Μας έκλεισαν μέσα και κυκλοφορούν παντού λαθρομετανάστες». (Η κυβέρνηση προχώρησε σε λοκντάουν, αλλά οι λαθρομετανάστες κυκλοφορούν παράνομα)|http://www.mopocp.gov.gr/main.php|
3|«Μας έκλεισαν μέσα και κυκλοφορούν παντού λαθρομετανάστες». (Η κυβέρνηση προχώρησε σε λοκντάουν, αλλά οι λαθρομετανάστες κυκλοφορούν παράνομα)|https://www.unhcr.org/gr/|
4|Μετανάστες στον Έβρο: «[Οι Τούρκοι] Μας έβγαλαν από τη φυλακή και μας έστειλαν στα σύνορα».|https://www.mfa.gr/index.html|
5|Έτοιμοι για «απόβαση» στη Λέσβο 150.000 μετανάστες και πρόσφυγες.|https://www.mfa.gr/index.html|
5|Έτοιμοι για «απόβαση» στη Λέσβο 150.000 μετανάστες και πρόσφυγες.|https://greece.iom.int/|
5|Έτοιμοι για «απόβαση» στη Λέσβο 150.000 μετανάστες και πρόσφυγες.|https://www.unhcr.org/gr/|
7|«Το 80-85% είναι πλέον οικονομικοί μετανάστες»|http://asylo.gov.gr/wp-content/uploads/2020/03/Greek_Asylum_Service_data_February_2020_gr.pdf|
12|"Δ. Παπαδημούλης: '"Ο Μητσοτάκης θα πάρει 700 εκατ. ευρώ για το προσφυγικό / μεταναστευτικό'" "|https://www.reuters.com/article/us-europe-migrants-eu-idUSKCN0W41DB|
17|"Tσίπρας: '"Πήραμε την πρωτοβουλία μαζί με τον Φρανσουά Ολάντ να ιδρύσουμε τη Σύνοδο των Χωρών του Νότου'""|https://en.wikipedia.org/wiki/EU_Med_Group#cite_note-8|
22|Το πρόγραμμα βοήθειας με μετρητά «cash assistance» αποτελεί μέρος της ανθρωπιστικής βοήθειας που παρέχεται από διαφορετικούς οργανισμούς στην Ελλάδα. Αυτή η βοήθεια ΔΕΝ παρέχεται ούτε χρηματοδοτείται από την κυβέρνηση της Ελλάδας. Εντούτοις, συντονίζεται μεταξύ της ελληνικής κυβέρνησης από το Ταμείο Ασύλου, Μετανάστευσης και Ένταξης της Ευρωπαϊκής Ένωσης (AMIF).|www.minfin.gr/|
22|Το πρόγραμμα βοήθειας με μετρητά «cash assistance» αποτελεί μέρος της ανθρωπιστικής βοήθειας που παρέχεται από διαφορετικούς οργανισμούς στην Ελλάδα. Αυτή η βοήθεια ΔΕΝ παρέχεται ούτε χρηματοδοτείται από την κυβέρνηση της Ελλάδας. Εντούτοις, συντονίζεται μεταξύ της ελληνικής κυβέρνησης από το Ταμείο Ασύλου, Μετανάστευσης και Ένταξης της Ευρωπαϊκής Ένωσης (AMIF).|ec.europa.eu/greece/home_el|
22|Το πρόγραμμα βοήθειας με μετρητά «cash assistance» αποτελεί μέρος της ανθρωπιστικής βοήθειας που παρέχεται από διαφορετικούς οργανισμούς στην Ελλάδα. Αυτή η βοήθεια ΔΕΝ παρέχεται ούτε χρηματοδοτείται από την κυβέρνηση της Ελλάδας. Εντούτοις, συντονίζεται μεταξύ της ελληνικής κυβέρνησης από το Ταμείο Ασύλου, Μετανάστευσης και Ένταξης της Ευρωπαϊκής Ένωσης (AMIF).|www.unhcr.org/gr/|
24|Το ποσό των 5.000 ευρώ έκαστος καλούνται να πληρώσουν δύο Παλαιστίνιοι πρόσφυγες που ζουν στον καταυλισμό της ΒΙΑΛ των 6.000 κατοίκων|www.astynomia.gr|
24|Το ποσό των 5.000 ευρώ έκαστος καλούνται να πληρώσουν δύο Παλαιστίνιοι πρόσφυγες που ζουν στον καταυλισμό της ΒΙΑΛ των 6.000 κατοίκων|www.unhcr.org/gr/|
24|Το ποσό των 5.000 ευρώ έκαστος καλούνται να πληρώσουν δύο Παλαιστίνιοι πρόσφυγες που ζουν στον καταυλισμό της ΒΙΑΛ των 6.000 κατοίκων|www.migrant.gr/|
27|Υγειονομική βόμβα δεν είναι ούτε οι τσιγγάνοι ούτε οι πρόσφυγες|eody.gov.gr|
27|Υγειονομική βόμβα δεν είναι ούτε οι τσιγγάνοι ούτε οι πρόσφυγες|www.unhcr.org/gr/|
30|Εξιχνιάστηκε από την Ασφάλεια Μυτιλήνης η υπόθεση του «τυφλού» πυροβολισμού εναντίον τεσσάρων μεταναστών το βράδυ της Τετάρτης κοντά στη Μόρια της Λέσβου και συνελήφθη ένας 55χρονος Έλληνας |www.mytilene.gr/|
30|Εξιχνιάστηκε από την Ασφάλεια Μυτιλήνης η υπόθεση του «τυφλού» πυροβολισμού εναντίον τεσσάρων μεταναστών το βράδυ της Τετάρτης κοντά στη Μόρια της Λέσβου και συνελήφθη ένας 55χρονος Έλληνας |www.astynomia.gr|
31|Τέλος η καραντίνα για 152 πρόσφυγες στη Μυτιλήνη|www.immigration.gov.gr/|
31|Τέλος η καραντίνα για 152 πρόσφυγες στη Μυτιλήνη|greece.iom.int|
31|Τέλος η καραντίνα για 152 πρόσφυγες στη Μυτιλήνη|greece.iom.int|
32|"Οι '"λαθρομετανάστες'" στη Μόρια κλέβουν σκυλιά και τα τρώνε"|www.filozoiki.gr/|
32|"Οι '"λαθρομετανάστες'" στη Μόρια κλέβουν σκυλιά και τα τρώνε"|www.migrant.gr/|
33|Έχουμε 100.000 μετανάστες στην Ελλάδα|ec.europa.eu/greece/home_el|
33|Έχουμε 100.000 μετανάστες στην Ελλάδα|www.immigration.gov.gr/|
33|Έχουμε 100.000 μετανάστες στην Ελλάδα|www.unhcr.org/gr/|
33|Έχουμε 100.000 μετανάστες στην Ελλάδα|http://athens.emb.mfa.gov.tr/|
34|ΜΚΟ που «διχοτομεί» τη Λέσβο|www.pvaigaiou.gov.gr|
34|ΜΚΟ που «διχοτομεί» τη Λέσβο|https://www.facebook.com/MoriaCoronaAwarenessTeam/posts/139969534298892|
34|ΜΚΟ που «διχοτομεί» τη Λέσβο|refugeeobservatory.aegean.gr|
35|«Δυσανάλογο και αβάσταχτο βάρος» οι πρόσφυγες και μετανάστες|www.pdm.gov.gr|
35|«Δυσανάλογο και αβάσταχτο βάρος» οι πρόσφυγες και μετανάστες|www.dimosgrevenon.gr/|
36|Τον Απρίλιο του 2020 οι αφίξεις μεταναστών μειώθηκαν 97,26% έναντι του Απριλίου του 2019, και τον Μάιο του 2020 91% έναντι του Μαΐου του 2019. Επίσης σημειώνεται αποσυμφόρηση των νησιών|www.immigration.gov.gr/|
36|Τον Απρίλιο του 2020 οι αφίξεις μεταναστών μειώθηκαν 97,26% έναντι του Απριλίου του 2019, και τον Μάιο του 2020 91% έναντι του Μαΐου του 2019. Επίσης σημειώνεται αποσυμφόρηση των νησιών|greece.iom.int|
36|Τον Απρίλιο του 2020 οι αφίξεις μεταναστών μειώθηκαν 97,26% έναντι του Απριλίου του 2019, και τον Μάιο του 2020 91% έναντι του Μαΐου του 2019. Επίσης σημειώνεται αποσυμφόρηση των νησιών|greece.iom.int|
37|"'"Θα είναι πραγματικότητα σε λίγους μήνες'" ο φράκτης στον Νότιο Έβρο."|http://www.mopocp.gov.gr/|
37|"'"Θα είναι πραγματικότητα σε λίγους μήνες'" ο φράκτης στον Νότιο Έβρο."|www.pamth.gov.gr|
38|Έντονη κινητικότητα στα σύνορα στον Έβρο. Το συγκεντρωμένο πλήθος των μεταναστών φαίνεται να ξεπερνάει τις 6.000|www.mod.mil.gr/|
38|Έντονη κινητικότητα στα σύνορα στον Έβρο. Το συγκεντρωμένο πλήθος των μεταναστών φαίνεται να ξεπερνάει τις 6.000|www.immigration.gov.gr/|
39|Χωρίς παιδική προστασία τα ανήλικα ασυνόδευτα οδεύουν προς απέλαση. Κατά παράβαση διεθνών συμβάσεων παιδιά άνω των 15 ετών κρίνονται με ταχύρρυθμες διαδικασίες ενηλίκων |www.immigration.gov.gr/|
39|Χωρίς παιδική προστασία τα ανήλικα ασυνόδευτα οδεύουν προς απέλαση. Κατά παράβαση διεθνών συμβάσεων παιδιά άνω των 15 ετών κρίνονται με ταχύρρυθμες διαδικασίες ενηλίκων |www.ekka.org.gr/|
40|Είναι λίγο δύσκολο να εξηγήσουμε σε όλο αυτό τον κόσμο ότι οι διαδικασίες πλέον γίνονται ψηφιακά|www.immigration.gov.gr/|
40|Είναι λίγο δύσκολο να εξηγήσουμε σε όλο αυτό τον κόσμο ότι οι διαδικασίες πλέον γίνονται ψηφιακά|www.unhcr.org/gr/|
40|Είναι λίγο δύσκολο να εξηγήσουμε σε όλο αυτό τον κόσμο ότι οι διαδικασίες πλέον γίνονται ψηφιακά|www.migrant.gr/|
41|Οι πρόσφυγες πλησιάζουν το 30% του συνολικού πληθυσμού στη Σάμο - Τα νησιά του Ανατολικού Αιγαίου είναι αυτά που σηκώνουν το μεγαλύτερο βάρος αντιμετώπισης της προσφυγικής και μεταναστευτικής κρίσης |www.immigration.gov.gr/|
41|Οι πρόσφυγες πλησιάζουν το 30% του συνολικού πληθυσμού στη Σάμο - Τα νησιά του Ανατολικού Αιγαίου είναι αυτά που σηκώνουν το μεγαλύτερο βάρος αντιμετώπισης της προσφυγικής και μεταναστευτικής κρίσης |www.unhcr.org/gr/|
41|Οι πρόσφυγες πλησιάζουν το 30% του συνολικού πληθυσμού στη Σάμο - Τα νησιά του Ανατολικού Αιγαίου είναι αυτά που σηκώνουν το μεγαλύτερο βάρος αντιμετώπισης της προσφυγικής και μεταναστευτικής κρίσης |refugeeobservatory.aegean.gr|
42|ΜΚΟ (αγνώστου προελεύσεως) εξυπηρετεί και «κρύβει» παράνομους μετανάστες σε δάση!|www.immigration.gov.gr/|
42|ΜΚΟ (αγνώστου προελεύσεως) εξυπηρετεί και «κρύβει» παράνομους μετανάστες σε δάση!|www.unhcr.org/gr/|
42|ΜΚΟ (αγνώστου προελεύσεως) εξυπηρετεί και «κρύβει» παράνομους μετανάστες σε δάση!|refugeeobservatory.aegean.gr|
44|Πάνω από πεντακόσιοι μετανάστες αποβιβάστηκαν στο νησί Λαμπεντούζα της Ιταλίας σε δύο ημέρες|greece.iom.int|
45|Επτά νέα κρούσματα COVID-19 - Εξ αυτών πέντε μετανάστες που έφτασαν μέσω κατεχομένων|www.pio.gov.cy/|
49|Θετικός στον κορωνοϊό διαγνώστηκε ένας από τους 55 πρόσφυγες και μετανάστες που έφθασαν χθες στη παραλία των Μυστεγνών της ανατολικής Λέσβου.|eody.gov.gr|
49|Θετικός στον κορωνοϊό διαγνώστηκε ένας από τους 55 πρόσφυγες και μετανάστες που έφθασαν χθες στη παραλία των Μυστεγνών της ανατολικής Λέσβου.|www.astynomia.gr|
50|Σε καραντίνα το ΚΥΤ της ΒΙΑΛ Χίου|eody.gov.gr|
51|Κορωνοϊός-Λέσβος: Συναγερμός μετά τα 82 συνολικά κρούσματα - Lockdown για πρόσφυγες, με μάσκα στους ναούς|eody.gov.gr|
52|Υπηρεσία Ασύλου: Ολοκληρώθηκαν οι εκκρεμότητες προ του 2019|migration.gov.gr|
53|Ολική καταστροφή στην Μόρια -13.000 πρόσφυγες στον δρόμο, ανάμεσά τους και όσοι βρέθηκαν με κορoνοϊό|eody.gov.gr|
55|Αφγανοί βιαστές η πλειοψηφία των δήθεν προσφύγων στη Μόρια|msf.gr|
55|Αφγανοί βιαστές η πλειοψηφία των δήθεν προσφύγων στη Μόρια|migration.gov.gr|
56|Απαγορεύτηκε στους Γιατρούς Χωρίς Σύνορα να πλησιάσουν τον χώρο που λειτουργεί ως κλινική για πρόσφυγες και μετανάστες στη Λέσβο.|msf.gr|
56|Απαγορεύτηκε στους Γιατρούς Χωρίς Σύνορα να πλησιάσουν τον χώρο που λειτουργεί ως κλινική για πρόσφυγες και μετανάστες στη Λέσβο.|migration.gov.gr|
57|Εβδομήντα γυναίκες αστυνομικοί συμμετείχαν σε επιχείρηση της ΕΛ.ΑΣ στη Λέσβο για την μεταφορά των μεταναστών στη δομή του Καρά Τεπέ|www.astynomia.gr|
57|Εβδομήντα γυναίκες αστυνομικοί συμμετείχαν σε επιχείρηση της ΕΛ.ΑΣ στη Λέσβο για την μεταφορά των μεταναστών στη δομή του Καρά Τεπέ|www.gcr.gr|
58|Ιδιαίτερα ανησυχητικός ο αριθμός των κρουσμάτων σε αλλοδαπούς κατοίκους του κέντρου της Αθήνας|eody.gov.gr|
58|Ιδιαίτερα ανησυχητικός ο αριθμός των κρουσμάτων σε αλλοδαπούς κατοίκους του κέντρου της Αθήνας|pis.gr|
59|Εκμετάλλευση στην πλατεία Βικτωρίας: Μισθώνουν κρεβάτια σε μετανάστες|www.astynomia.gr|
59|Εκμετάλλευση στην πλατεία Βικτωρίας: Μισθώνουν κρεβάτια σε μετανάστες|www.migrant.gr|
60|Γερμανικές ΜΚΟ χέρι - χέρι με Τούρκους δουλέμπορους - Πώς έφερναν μετανάστες στην Ελλάδα|www.astynomia.gr|
60|Γερμανικές ΜΚΟ χέρι - χέρι με Τούρκους δουλέμπορους - Πώς έφερναν μετανάστες στην Ελλάδα|www.gcr.gr|
61|Μηταράκης: Δεσμευόμαστε για μηδενική μόνιμη παραμονή στα νησιά|migration.gov.gr|
62|Το είδαμε κι αυτό: Πληρώνουμε 4,5 εκατ. € για δωρεάν WiFi στους μετανάστες!|migration.gov.gr|
63|"Παναγιώτης Χαρέλας, πρόεδρος της  Πανελλήνιας Ομοσπονδίας Συνοριακών Φυλάκων : '"Οι μετανάστες ξεφορτώνονται με στρατιωτικά οχήματα'""|mopocp.gov.gr|
63|"Παναγιώτης Χαρέλας, πρόεδρος της  Πανελλήνιας Ομοσπονδίας Συνοριακών Φυλάκων : '"Οι μετανάστες ξεφορτώνονται με στρατιωτικά οχήματα'""|athens.emb.mfa.gov.tr|
65|Λιβανέζοι αναζητούν καλύτερη τύχη σε Κύπρο και Ελλάδα|migration.gov.gr|
65|Λιβανέζοι αναζητούν καλύτερη τύχη σε Κύπρο και Ελλάδα|http://www.athens.mfa.gov.lb/greece/english/home|
66|Άγριο πλιάτσικο σε καταστήματα της Σάμου από μετανάστες μετά τον εφιαλτικό σεισμό|www.astynomia.gr|
66|Άγριο πλιάτσικο σε καταστήματα της Σάμου από μετανάστες μετά τον εφιαλτικό σεισμό|https://www.islandofsamos.gr/|
67|Καρά Τεπέ: Κλέβουν ο ένας τον άλλο οι μετανάστες|www.astynomia.gr|
67|Καρά Τεπέ: Κλέβουν ο ένας τον άλλο οι μετανάστες|migration.gov.gr|
68|Μηταράκης : Δύσκολο να γνωρίζουμε πόσοι πρόσφυγες βρίσκονται στη χώρα μας με απορριπτικές αποφάσεις|migration.gov.gr|
71|"Ν. Μηταράκης: '"Τα αποτελέσματα του 2020 δείχνουν ότι η ελληνική Υπηρεσία Ασύλου είναι η δεύτερη ταχύτερη και πιο παραγωγική υπηρεσία στην Ευρωπαϊκή Ένωση»."|migration.gov.gr|
71|"Ν. Μηταράκης: '"Τα αποτελέσματα του 2020 δείχνουν ότι η ελληνική Υπηρεσία Ασύλου είναι η δεύτερη ταχύτερη και πιο παραγωγική υπηρεσία στην Ευρωπαϊκή Ένωση»."|unhcr.org/gr/|
71|"Ν. Μηταράκης: '"Τα αποτελέσματα του 2020 δείχνουν ότι η ελληνική Υπηρεσία Ασύλου είναι η δεύτερη ταχύτερη και πιο παραγωγική υπηρεσία στην Ευρωπαϊκή Ένωση»."|https://ec.europa.eu/eurostat|
72|"Ν. Μηταράκης για επαναπροωθήσεις προσφύγων: «Εχουμε απορρίψει κατηγορηματικά αυτούς τους ισχυρισμούς, καθώς τέτοια περιστατικά δεν έχουν σχέση με την πραγματικότητα'""|migration.gov.gr/|
72|"Ν. Μηταράκης για επαναπροωθήσεις προσφύγων: «Εχουμε απορρίψει κατηγορηματικά αυτούς τους ισχυρισμούς, καθώς τέτοια περιστατικά δεν έχουν σχέση με την πραγματικότητα'""|europarl.europa.eu/news|
72|"Ν. Μηταράκης για επαναπροωθήσεις προσφύγων: «Εχουμε απορρίψει κατηγορηματικά αυτούς τους ισχυρισμούς, καθώς τέτοια περιστατικά δεν έχουν σχέση με την πραγματικότητα'""|greece.iom.int|
72|"Ν. Μηταράκης για επαναπροωθήσεις προσφύγων: «Εχουμε απορρίψει κατηγορηματικά αυτούς τους ισχυρισμούς, καθώς τέτοια περιστατικά δεν έχουν σχέση με την πραγματικότητα'""|www.dw.com|
72|"Ν. Μηταράκης για επαναπροωθήσεις προσφύγων: «Εχουμε απορρίψει κατηγορηματικά αυτούς τους ισχυρισμούς, καθώς τέτοια περιστατικά δεν έχουν σχέση με την πραγματικότητα'""|.unhcr.org/gr/|
74|Λέσβος: Σκηνές, πορείες και κορωνοϊός στο Καρά Τεπέ – Πάνω από 300 μετανάστες εγκαταστάθηκαν στον νέο καταυλισμό|https://eleftherostypos.gr/ellada/627004-lesbos-skines-poreies-kai-koronoios-sto-kara-tepe-pano-apo-300-metanastes-egkatastathikan-ston-neo-kataylismo/|
74|Λέσβος: Σκηνές, πορείες και κορωνοϊός στο Καρά Τεπέ – Πάνω από 300 μετανάστες εγκαταστάθηκαν στον νέο καταυλισμό|https://www.unhcr.org/gr/16455-unhcr-scales-immediate-shelter-support-moria-asylum-seekers-urges-long.html|
75|Βρέθηκαν άδειες διαμονής αλλοδαπών στο σπίτι του Λιγνάδη|www.astynomia.gr|
76|Σταθεροποίηση του χαμηλού ρυθμού αφίξεων ( -89% μείωση στις αφίξεις στα νησιά τον Φεβρουάριο του 2021 σε σχέση με τον Φεβρουάριο του 2020)|https://migration.gov.gr/|
76|Σταθεροποίηση του χαμηλού ρυθμού αφίξεων ( -89% μείωση στις αφίξεις στα νησιά τον Φεβρουάριο του 2021 σε σχέση με τον Φεβρουάριο του 2020)|https://www.unhcr.org/gr/|
79|«το πρώτο τρίμηνο του 2021 έφτασαν στα ελληνικά νησιά 798 μετανάστες, ενώ ο αριθμός την αντίστοιχη περίοδο του 2020 ήταν 7.328»|https://data2.unhcr.org/en/documents/details/85039|
79|«το πρώτο τρίμηνο του 2021 έφτασαν στα ελληνικά νησιά 798 μετανάστες, ενώ ο αριθμός την αντίστοιχη περίοδο του 2020 ήταν 7.328»|https://migration.iom.int/europe?type=arrivals|
81|«Αναφέρθηκε [ο κ. Μηταράκης] σε ολίγιστους και ολίγους, ότι καμία δεκαριά άτομα αντιδρούν στη δομή [στο Θόλος], το οποίο το θεωρώ εξαιρετικά προσβλητικό'.|https://www.youtube.com/watch?v=_0C6udMk3d8|
82|«Απόφαση της κυβέρνησης είναι να μην αυξηθεί και να μην αναβαθμιστεί η χωρητικότητα στο ΚΥΤ (σ.σ. Φυλακίου) στον Έβρο, κατόπιν εκτενούς διαβούλευσης με την τοπική κοινωνία και τα συναρμόδια υπουργεία»|https://diavgeia.gov.gr/doc/9%CE%A77%CE%9B46%CE%9C%CE%94%CE%A8%CE%9F-7%CE%928?inline=true|
83|«Η στοχευμένη ενίσχυση των Λιμενικών Αρχών του Ανατολικού Αιγαίου σε προσωπικό και επιχειρησιακά μέσα και η συνεργασία με την Frontex, συνέβαλαν καθοριστικά στην μείωση κατά 85% των μεταναστευτικών ροών προς την Ελλάδα το 2020|https://migration.iom.int/europe?type=arrivals|
84|«Θεριεύει» η εγκληματικότητα στο δεύτερο lockdown|www.astynomia.gr|
84|«Θεριεύει» η εγκληματικότητα στο δεύτερο lockdown|https://e-keme.gr/|
84|«Θεριεύει» η εγκληματικότητα στο δεύτερο lockdown|https://www.statistics.gr|
86|Μία κλοπή ή διάρρηξη ανά 14 λεπτά (!) καταγράφεται σε κατάστημα, επιχείρηση ή κατοικία της Θεσσαλονίκης |www.astynomia.gr|
87|8 στις 10 νεαρές Ευρωπαίες αποφεύγουν ορισμένους δημόσιους χώρους από φόβο ότι θα δεχθούν επίθεση ή παρενόχληση|https://fra.europa.eu/el|
88|Μειώθηκαν κατά 79% οι ληστείες στον δήμο Νεάπολης-Συκέων στο πρώτο τρίμηνο φέτος|www.astynomia.gr|
88|Μειώθηκαν κατά 79% οι ληστείες στον δήμο Νεάπολης-Συκέων στο πρώτο τρίμηνο φέτος|https://e-keme.gr/|
89|Τρεις κουκουλοφόροι αλλοδαποί είναι, σύμφωνα με τις πρώτες πληροφορίες, οι δράστες του φρικτού εγκλήματος κατά οικογένειας στα Γλυκά Νερά|www.astynomia.gr|
90|Σύλληψη 36χρονου στον Έβρο σχετίζεται με τα Γλυκά Νερά|www.astynomia.gr|
90|Σύλληψη 36χρονου στον Έβρο σχετίζεται με τα Γλυκά Νερά|https://e-keme.gr/|
91|Αύξηση των υποθέσεων που υποβάλλονται στον Συνήγορο του Πολίτη, ως Εθνικό Μηχανισμό Διερεύνησης Περιστατικών Αυθαιρεσίας, κατά 26% διαπίστωσε η Ανεξάρτητη Αρχή στην ετήσια έκθεσή της για το 2020.|www.astynomia.gr|
91|Αύξηση των υποθέσεων που υποβάλλονται στον Συνήγορο του Πολίτη, ως Εθνικό Μηχανισμό Διερεύνησης Περιστατικών Αυθαιρεσίας, κατά 26% διαπίστωσε η Ανεξάρτητη Αρχή στην ετήσια έκθεσή της για το 2020.|www.synigoros.gr|
92|Μείωση της εγκληματικότητας το πρώτο πεντάμηνο του 2021 συγκριτικά με το αντίστοιχο του 2019 και του 2020|www.astynomia.gr|
92|Μείωση της εγκληματικότητας το πρώτο πεντάμηνο του 2021 συγκριτικά με το αντίστοιχο του 2019 και του 2020|https://e-keme.gr/|
93|Αυξημένοι όλοι οι δείκτες για ληστείες, απάτες και ανθρωποκτονίες|www.astynomia.gr|
93|Αυξημένοι όλοι οι δείκτες για ληστείες, απάτες και ανθρωποκτονίες|https://e-keme.gr/|
94|Η αστυνομία δεν έχει την παραμικρή αμφιβολία για τη μη εμπλοκή του Μπάμπη Αναγνωστόπουλου στη δολοφονία της 20χρονης Κάρολαϊν|http://www.astynomia.gr|
95|Σεσημασμένος βιαστής, ο οποίος είχε οδηγηθεί στη φυλακή το 2015 αποφυλακίστηκε το 2020 με τον νόμο Παρασκευόπουλου|www.ministryofjustice.gr/|
95|Σεσημασμένος βιαστής, ο οποίος είχε οδηγηθεί στη φυλακή το 2015 αποφυλακίστηκε το 2020 με τον νόμο Παρασκευόπουλου|www.mopocp.gov.gr/|
95|Σεσημασμένος βιαστής, ο οποίος είχε οδηγηθεί στη φυλακή το 2015 αποφυλακίστηκε το 2020 με τον νόμο Παρασκευόπουλου|www.dsa.gr|
96|Αύξηση στα περιστατικά την περίοδο της καραντίνας καταγράφει έκθεση της ΕΛ.ΑΣ. για τις βιαιοπραγίες και άλλες επιθέσεις μέσα στις οικογένειες|www.astynomia.gr|
96|Αύξηση στα περιστατικά την περίοδο της καραντίνας καταγράφει έκθεση της ΕΛ.ΑΣ. για τις βιαιοπραγίες και άλλες επιθέσεις μέσα στις οικογένειες|https://e-keme.gr/|
97|Εκτοξεύεται η εγκληματικότητα των ανηλίκων|www.astynomia.gr|
97|Εκτοξεύεται η εγκληματικότητα των ανηλίκων|https://e-keme.gr/|
98|Απόπειρα αυτοκτονίας έκανε ο δολοφόνος της Γαρυφαλλιάς|www.astynomia.gr|
100|Νότης Μηταράκης:  «Πολλές περιπτώσεις [επαναπροωθήσεων] έχουν διερευνηθεί και από την Ευρωπαϊκή Ένωση»  |https://frontex.europa.eu/media-centre/management-board-updates/conclusions-of-the-management-board-s-meeting-on-5-march-2021-on-the-report-of-its-working-group-on-fundamental-rights-and-legal-operational-aspects-of-operations-in-the-aegean-sea-aFewSI|
105|Κυριάκος Μητσοτάκης: «Φέτος δεν έχει υπάρξει πνιγμός στο Αιγαίο» |https://data.unhcr.org/en/documents/details/88371|
105|Κυριάκος Μητσοτάκης: «Φέτος δεν έχει υπάρξει πνιγμός στο Αιγαίο» |https://missingmigrants.iom.int/region/mediterranean?region_incident=All&route=3891&year%5B%5D=2500&month=4001|
105|Κυριάκος Μητσοτάκης: «Φέτος δεν έχει υπάρξει πνιγμός στο Αιγαίο» |https://www.europarl.europa.eu/news/el/headlines/society/20170629STO78630/prosfugiki-krisi-kai-ee|
105|Κυριάκος Μητσοτάκης: «Φέτος δεν έχει υπάρξει πνιγμός στο Αιγαίο» |https://www.europarl.europa.eu/news/el/headlines/society/20170629STO78630/prosfugiki-krisi-kai-ee-stoicheia-kai-arithmoi-stoicheia-kai-arithmoi|
112|Κυριάκος Μητσοτάκης: «Είχαμε αναλάβει τη δέσμευση να ασχοληθούμε ειδικά με το ζήτημα των ασυνόδευτων ανηλίκων. Εξ’ ου και συστήσαμε την ειδική γραμματεία της οποίας προΐσταται η κυρία Αγαπηδάκη και εκεί πιστεύω ότι τα αποτελέσματα είναι εντυπωσιακά όχι μόνο ως προς τη μείωση των ασυνόδευτων παιδιών που φιλοξενούνται στην πατρίδα μας αλλά κυρίως ως προς τις συνθήκες στις οποίες αυτά φιλοξενούνται». |https://www.ekka.org.gr/images/KOINONIKON-PAREMBASEON/%CE%A3%CE%A4%CE%91%CE%A4%CE%99%CE%A3%CE%A4%CE%99%CE%9A%CE%91_2021/GR_EKKA_Dashboard_20210515.pdf|
112|Κυριάκος Μητσοτάκης: «Είχαμε αναλάβει τη δέσμευση να ασχοληθούμε ειδικά με το ζήτημα των ασυνόδευτων ανηλίκων. Εξ’ ου και συστήσαμε την ειδική γραμματεία της οποίας προΐσταται η κυρία Αγαπηδάκη και εκεί πιστεύω ότι τα αποτελέσματα είναι εντυπωσιακά όχι μόνο ως προς τη μείωση των ασυνόδευτων παιδιών που φιλοξενούνται στην πατρίδα μας αλλά κυρίως ως προς τις συνθήκες στις οποίες αυτά φιλοξενούνται». |https://www.unicef.org/greece/%CF%80%CE%B1%CE%B9%CE%B4%CE%B9%CE%AC-%CF%80%CF%81%CF%8C%CF%83%CF%86%CF%85%CE%B3%CE%B5%CF%82-%CE%BA%CE%B1%CE%B9-%CE%BC%CE%B5%CF%84%CE%B1%CE%BD%CE%AC%CF%83%CF%84%CE%B5%CF%82|
112|Κυριάκος Μητσοτάκης: «Είχαμε αναλάβει τη δέσμευση να ασχοληθούμε ειδικά με το ζήτημα των ασυνόδευτων ανηλίκων. Εξ’ ου και συστήσαμε την ειδική γραμματεία της οποίας προΐσταται η κυρία Αγαπηδάκη και εκεί πιστεύω ότι τα αποτελέσματα είναι εντυπωσιακά όχι μόνο ως προς τη μείωση των ασυνόδευτων παιδιών που φιλοξενούνται στην πατρίδα μας αλλά κυρίως ως προς τις συνθήκες στις οποίες αυτά φιλοξενούνται». |https://www.in.gr/wp-content/uploads/2019/11/GR_EKKA_Dashboard_31-10-2019.pdf|
112|Κυριάκος Μητσοτάκης: «Είχαμε αναλάβει τη δέσμευση να ασχοληθούμε ειδικά με το ζήτημα των ασυνόδευτων ανηλίκων. Εξ’ ου και συστήσαμε την ειδική γραμματεία της οποίας προΐσταται η κυρία Αγαπηδάκη και εκεί πιστεύω ότι τα αποτελέσματα είναι εντυπωσιακά όχι μόνο ως προς τη μείωση των ασυνόδευτων παιδιών που φιλοξενούνται στην πατρίδα μας αλλά κυρίως ως προς τις συνθήκες στις οποίες αυτά φιλοξενούνται». |https://www.iefimerida.gr/ellada/4962-ta-asynodeyta-paidia-stin-ellada|
112|Κυριάκος Μητσοτάκης: «Είχαμε αναλάβει τη δέσμευση να ασχοληθούμε ειδικά με το ζήτημα των ασυνόδευτων ανηλίκων. Εξ’ ου και συστήσαμε την ειδική γραμματεία της οποίας προΐσταται η κυρία Αγαπηδάκη και εκεί πιστεύω ότι τα αποτελέσματα είναι εντυπωσιακά όχι μόνο ως προς τη μείωση των ασυνόδευτων παιδιών που φιλοξενούνται στην πατρίδα μας αλλά κυρίως ως προς τις συνθήκες στις οποίες αυτά φιλοξενούνται». |https://www.tovima.gr/2019/11/20/society/tria-sta-tessera-asynodeyta-paidia-stin-ellada-zoun-se-akatalliles-domes/|
112|Κυριάκος Μητσοτάκης: «Είχαμε αναλάβει τη δέσμευση να ασχοληθούμε ειδικά με το ζήτημα των ασυνόδευτων ανηλίκων. Εξ’ ου και συστήσαμε την ειδική γραμματεία της οποίας προΐσταται η κυρία Αγαπηδάκη και εκεί πιστεύω ότι τα αποτελέσματα είναι εντυπωσιακά όχι μόνο ως προς τη μείωση των ασυνόδευτων παιδιών που φιλοξενούνται στην πατρίδα μας αλλά κυρίως ως προς τις συνθήκες στις οποίες αυτά φιλοξενούνται». |https://rosalux.gr/sites/default/files/publications/comparative_final1211web_gr.pdf|
112|Κυριάκος Μητσοτάκης: «Είχαμε αναλάβει τη δέσμευση να ασχοληθούμε ειδικά με το ζήτημα των ασυνόδευτων ανηλίκων. Εξ’ ου και συστήσαμε την ειδική γραμματεία της οποίας προΐσταται η κυρία Αγαπηδάκη και εκεί πιστεύω ότι τα αποτελέσματα είναι εντυπωσιακά όχι μόνο ως προς τη μείωση των ασυνόδευτων παιδιών που φιλοξενούνται στην πατρίδα μας αλλά κυρίως ως προς τις συνθήκες στις οποίες αυτά φιλοξενούνται». |https://www.hrw.org/el/world-report/2021/country-chapters/377415|
114|Νότης Μηταράκης: «Αποχαιρετούμε το 2021, τη χρονιά με τις χαμηλότερες μεταναστευτικές ροές από την έναρξη της κρίσης»|http://www.astynomia.gr/images/stories//2011/statistics2011/0102syl-allod-diaki-anaetos.jpg|
121|ΣΟΚ: Πατέρας σκότωσε τη γυναίκα, τα δύο παιδιά του και αυτοκτόνησε|https://www.ertnews.gr/eidiseis/ellada/egklima-stin-andravida-to-profil-toy-makelari-sokaroyn-oi-anartiseis-toy-sta-social-media/|
121|ΣΟΚ: Πατέρας σκότωσε τη γυναίκα, τα δύο παιδιά του και αυτοκτόνησε|https://www.ertnews.gr/frontpage/pyrgos-omologise-to-fovero-egklima-stin-andravida-o-60chronos/|
120|Κυριάκος Μητσοτάκης: «Είχαμε αναλάβει τη δέσμευση να ασχοληθούμε ειδικά με το ζήτημα των ασυνόδευτων ανηλίκων. Εξού και συζητήσαμε με την ειδική γραμματεία, της οποίας προΐσταται η κυρία Αγαπηδάκη, και εκεί πιστεύω ότι τα αποτελέσματα είναι εντυπωσιακά [...] κυρίως ως προς τις συνθήκες στις οποίες αυτά φιλοξενούνται. Δεν υπάρχουν πια απροστάτευτα παιδιά τα οποία να στοιβάζονται σε ζούγκλες τύπου Μόριας στα νησιά μας, όλα τα ανήλικα φιλοξενούνται σήμερα σε ξενώνες και βέβαια έχει καταργηθεί και με νομοθετική ρύθμιση το μέτρο της προστατευτικής φύλαξης που δυστυχώς κρατούσε ασυνόδευτα προσφυγόπουλα στα αστυνομικά τμήματα. Ο εθνικός μηχανισμός επείγουσας ανταπόκρισης τους προσφέρει σήμερα άμεση βοήθεια και φιλοξενία». |https://www.hrw.org/el/world-report/2021/country-chapters/377415 |
120|Κυριάκος Μητσοτάκης: «Είχαμε αναλάβει τη δέσμευση να ασχοληθούμε ειδικά με το ζήτημα των ασυνόδευτων ανηλίκων. Εξού και συζητήσαμε με την ειδική γραμματεία, της οποίας προΐσταται η κυρία Αγαπηδάκη, και εκεί πιστεύω ότι τα αποτελέσματα είναι εντυπωσιακά [...] κυρίως ως προς τις συνθήκες στις οποίες αυτά φιλοξενούνται. Δεν υπάρχουν πια απροστάτευτα παιδιά τα οποία να στοιβάζονται σε ζούγκλες τύπου Μόριας στα νησιά μας, όλα τα ανήλικα φιλοξενούνται σήμερα σε ξενώνες και βέβαια έχει καταργηθεί και με νομοθετική ρύθμιση το μέτρο της προστατευτικής φύλαξης που δυστυχώς κρατούσε ασυνόδευτα προσφυγόπουλα στα αστυνομικά τμήματα. Ο εθνικός μηχανισμός επείγουσας ανταπόκρισης τους προσφέρει σήμερα άμεση βοήθεια και φιλοξενία». |https://www.in.gr/wp-content/uploads/2019/11/GR_EKKA_Dashboard_31-10-2019.pdf|
125|"'"Ακούω ότι είναι νεκροί (πρόσφυγες/μετανάστες); Πού είναι; Υπάρχει έγκλημα χωρίς πτώμα;'""|https://www.unhcr.org/gr/|
141|«Τα οκτώ τελευταία χρόνια ήταν τα πιο ζεστά που καταγράφηκαν ποτέ σε όλο τον κόσμο, ξεπερνώντας όλα κατά περισσότερο από έναν βαθμό τις θερμοκρασίες της προβιομηχανικής περιόδου [...]». |https://climate.copernicus.eu/globe-2022|
47|Εξήντα πέντε μετανάστες, από τους συνολικά 94 που διασώθηκαν χθες στη θάλασσα και μεταφέρθηκαν στη Μάλτα, βρέθηκαν θετικοί στην Covid-19|https://www.gov.mt|
50|Σε καραντίνα το ΚΥΤ της ΒΙΑΛ Χίου|migration.gov.gr|
120|Κυριάκος Μητσοτάκης: «Είχαμε αναλάβει τη δέσμευση να ασχοληθούμε ειδικά με το ζήτημα των ασυνόδευτων ανηλίκων. Εξού και συζητήσαμε με την ειδική γραμματεία, της οποίας προΐσταται η κυρία Αγαπηδάκη, και εκεί πιστεύω ότι τα αποτελέσματα είναι εντυπωσιακά [...] κυρίως ως προς τις συνθήκες στις οποίες αυτά φιλοξενούνται. Δεν υπάρχουν πια απροστάτευτα παιδιά τα οποία να στοιβάζονται σε ζούγκλες τύπου Μόριας στα νησιά μας, όλα τα ανήλικα φιλοξενούνται σήμερα σε ξενώνες και βέβαια έχει καταργηθεί και με νομοθετική ρύθμιση το μέτρο της προστατευτικής φύλαξης που δυστυχώς κρατούσε ασυνόδευτα προσφυγόπουλα στα αστυνομικά τμήματα. Ο εθνικός μηχανισμός επείγουσας ανταπόκρισης τους προσφέρει σήμερα άμεση βοήθεια και φιλοξενία». |https://rosalux.gr/sites/default/files/publications/comparative_final1211web_gr.pdf |
120|Κυριάκος Μητσοτάκης: «Είχαμε αναλάβει τη δέσμευση να ασχοληθούμε ειδικά με το ζήτημα των ασυνόδευτων ανηλίκων. Εξού και συζητήσαμε με την ειδική γραμματεία, της οποίας προΐσταται η κυρία Αγαπηδάκη, και εκεί πιστεύω ότι τα αποτελέσματα είναι εντυπωσιακά [...] κυρίως ως προς τις συνθήκες στις οποίες αυτά φιλοξενούνται. Δεν υπάρχουν πια απροστάτευτα παιδιά τα οποία να στοιβάζονται σε ζούγκλες τύπου Μόριας στα νησιά μας, όλα τα ανήλικα φιλοξενούνται σήμερα σε ξενώνες και βέβαια έχει καταργηθεί και με νομοθετική ρύθμιση το μέτρο της προστατευτικής φύλαξης που δυστυχώς κρατούσε ασυνόδευτα προσφυγόπουλα στα αστυνομικά τμήματα. Ο εθνικός μηχανισμός επείγουσας ανταπόκρισης τους προσφέρει σήμερα άμεση βοήθεια και φιλοξενία». |https://www.unhcr.org/gr/18891-se-leitourgia-o-ethnikos-mihanismos-prostasias-asynodeutwn.html |
120|Κυριάκος Μητσοτάκης: «Είχαμε αναλάβει τη δέσμευση να ασχοληθούμε ειδικά με το ζήτημα των ασυνόδευτων ανηλίκων. Εξού και συζητήσαμε με την ειδική γραμματεία, της οποίας προΐσταται η κυρία Αγαπηδάκη, και εκεί πιστεύω ότι τα αποτελέσματα είναι εντυπωσιακά [...] κυρίως ως προς τις συνθήκες στις οποίες αυτά φιλοξενούνται. Δεν υπάρχουν πια απροστάτευτα παιδιά τα οποία να στοιβάζονται σε ζούγκλες τύπου Μόριας στα νησιά μας, όλα τα ανήλικα φιλοξενούνται σήμερα σε ξενώνες και βέβαια έχει καταργηθεί και με νομοθετική ρύθμιση το μέτρο της προστατευτικής φύλαξης που δυστυχώς κρατούσε ασυνόδευτα προσφυγόπουλα στα αστυνομικά τμήματα. Ο εθνικός μηχανισμός επείγουσας ανταπόκρισης τους προσφέρει σήμερα άμεση βοήθεια και φιλοξενία». |https://www.iefimerida.gr/ellada/4962-ta-asynodeyta-paidia-stin-ellada |
120|Κυριάκος Μητσοτάκης: «Είχαμε αναλάβει τη δέσμευση να ασχοληθούμε ειδικά με το ζήτημα των ασυνόδευτων ανηλίκων. Εξού και συζητήσαμε με την ειδική γραμματεία, της οποίας προΐσταται η κυρία Αγαπηδάκη, και εκεί πιστεύω ότι τα αποτελέσματα είναι εντυπωσιακά [...] κυρίως ως προς τις συνθήκες στις οποίες αυτά φιλοξενούνται. Δεν υπάρχουν πια απροστάτευτα παιδιά τα οποία να στοιβάζονται σε ζούγκλες τύπου Μόριας στα νησιά μας, όλα τα ανήλικα φιλοξενούνται σήμερα σε ξενώνες και βέβαια έχει καταργηθεί και με νομοθετική ρύθμιση το μέτρο της προστατευτικής φύλαξης που δυστυχώς κρατούσε ασυνόδευτα προσφυγόπουλα στα αστυνομικά τμήματα. Ο εθνικός μηχανισμός επείγουσας ανταπόκρισης τους προσφέρει σήμερα άμεση βοήθεια και φιλοξενία». |https://www.tovima.gr/2019/11/20/society/tria-sta-tessera-asynodeyta-paidia-stin-ellada-zoun-se-akatalliles-domes/ |
73|"Κ. Μητσοτάκης για αναφορές περί επαναπροωθήσεων περισσότερων των 1000 προσφύγων, στο Αιγαίο : '"Δεν συνέβη'" "|https://twitter.com/amanpour/status/1296150232976195585?s=20|
73|"Κ. Μητσοτάκης για αναφορές περί επαναπροωθήσεων περισσότερων των 1000 προσφύγων, στο Αιγαίο : '"Δεν συνέβη'" "|https://primeminister.gr/2020/08/19/24631|
123|"Γιάννης Πλακιωτάκης: '"...έχουμε εντυπωσιακή μείωση των ροών το 2021 σε σχέση με το 2019 πάνω από 90%...'" "|https://www.ertnews.gr/eidiseis/ellada/politiki/g-plakiotakis-stin-ert-echoyme-entyposiaki-meiosi-ton-metanasteytikon-roon-peraitero-enischysi-tis-frontex-video/|
77|Θεσσαλονίκη: «Βράζει» ο Εύοσμος - Τους επέβαλαν σκληρό lockdown και δημιουργούν hot spot παράνομων μεταναστών|https://www.pronews.gr/koinonia/964757_megales-oi-antidraseis-ton-politon-ston-eyosmo-gia-tin-epivoli-toy-skliroy-lockdown/|
78|...ο Tούρκος Υπουργός Εσωτερικών Soylu, ... Συκοφαντούσε την Ελλάδα με fake news, ... Σήμερα με μήνυμα και βίντεο στο twitter “κατήγγειλε” ότι το ΛΣ έδειρε 7 πρόσφυγες-μετανάστες, τους αφαίρεσε τα προσωπικά τους είδη και τους πέταξε στη θάλασσα δεμένους με πλαστικές χειροπέδες.|https://www.militaire.gr/mpakogiannis-imamogloy-quot-paizoyn-quot-symfiliosi-stin-poli-kai-o-soiloy-sykofantei-tin-ellada/|
124|"Νότης Μηταράκης: '"Μέσα στο 2020 δεν είχαμε κανένα θάνατο στο Αιγαίο Πέλαγος'""|https://migration.gov.gr/synenteyxi-ypoyrgoy-sto-bbc-world-news/|
66|Άγριο πλιάτσικο σε καταστήματα της Σάμου από μετανάστες μετά τον εφιαλτικό σεισμό|"https://www.protothema.gr/greece/article/1061391/seismos-sti-samo-metanastes-ekanan-pliatsiko-meta-to-tsounami/
"|
52|Υπηρεσία Ασύλου: Ολοκληρώθηκαν οι εκκρεμότητες προ του 2019|https://ec.europa.eu/eurostat/web/main/home|
127|Περίπου 800 συλλήψεις σε μια εβδομάδα στο κέντρο της Αθήνας|http://www.astynomia.gr/index.php?option=ozo_content&perform=view&id=110846&Itemid=2835&lang=|
140|«Η μέση θερμοκρασία των ωκεανών της Γης το 2022 ήταν η υψηλότερη που έχει καταγραφεί ποτέ, σύμφωνα με τα διαθέσιμα δεδομένα που χρονολογούνται από το 1958 [...]» |https://link.springer.com/article/10.1007/s00376-023-2385-2#citeas|
138|Aπό την Ινδία και την Ινδονησία μέχρι την Αίγυπτο, περίπου 10,5 εκατομμύρια παιδιά έχασαν τουλάχιστον έναν γονιό ή κηδεμόνα λόγω Covid-19|https://jamanetwork.com/journals/jamapediatrics/fullarticle/2795650|
138|Aπό την Ινδία και την Ινδονησία μέχρι την Αίγυπτο, περίπου 10,5 εκατομμύρια παιδιά έχασαν τουλάχιστον έναν γονιό ή κηδεμόνα λόγω Covid-19|https://www.thelancet.com/journals/lancet/article/PIIS0140-6736(21)01253-8/fulltext|
142|«Στις 26/9 η Ελλάδα ερχόταν πρώτη ανάμεσα στις χώρες της δυτικής Ευρώπης στη συνολική θνησιμότητα (3.160 θάνατοι/εκατ. πληθυσμού, με μέσο όρο της ΕΕ 2.561/εκατ.)» |https://ourworldindata.org/grapher/total-covid-cases-deaths-per-million?tab=table&time=earliest..2022-09-26&region=Europe|
106|Γιώργος Ψυχογιός: «Ο κος Μηταράκης στέλνει έγγραφο υπογεγραμμένο από τις χώρες του Βίζεγκραντ και την Αυστρία με το οποίο ζητάει το δικαίωμα να κάνει επαναπροωθήσεις. Δώστε μου, λέει, το νομικό πλαίσιο για να μπορώ να το κάνω». ||
151|Η αυξητική τάση της μέσης ετήσιας θερμοκρασίας στην Ελλάδα είναι αδιαμφισβήτητη, οι αποκλίσεις της μέσης ετήσιας θερμοκρασίας από τις κανονικές τιμές έφτασαν ή ξεπέρασαν τους 0,8 βαθμούς Κελσίου και διαφαίνεται σταδιακή αύξηση της θερμοκρασίας, που ξεκινά από τα μέσα της δεκαετίας του '80 με αρχές της δεκαετίας του '90.||
101|"Ψυχογιός, (τομεάρχης ΣΥΡΙΖΑ): '"Καταργείται το πρόγραμμα ΕΣΤΙΑ'""||
137|Der Spiegel - Γ. Χρηστίδης, Maximilian Popp: Πώς ο θάνατος της πεντάχρονης Μαρίας άλλαξε τη συζήτηση για το προσφυγικό στην Ελλάδα||
136|ΕΛ.ΑΣ: Οι δύο γιοι του Δημήτρη Ινδαρέ συμμετείχαν στην κατάληψη στο Κουκάκι||
11|"'"καταγράφηκαν μόνο 39 αφίξεις στα ελληνικά σύνορα τον Απρίλιο'" (του 2020) "||
135|Νότης Μηταράκης: Αυξάνονται οι ροές σε σχέση με το 2021||
131|«Βασικός στόχος είναι η ασφάλεια για όλους τους Ελληνες πολίτες σε όλη τη χώρα και ιδιαίτερα στο λεκανοπέδιο της Αττικής όπου συγκεντρώνεται το 70% της εγκληματικότητας. Η αστυνομία πρέπει να είναι φιλική με τους πολίτες και τους νέους και σκληρή και αποτελεσματική απέναντι στο έγκλημα»||
178|H βιταμίνη D κάνει καλό στην καρδιά||
160|Το κοινό έγκλημα, ληστείες, διαρρήξεις, έχουν περιοριστεί τα φαινόμενα αυτά||
146|«Τα δεδομένα τα οποία έχει στη διάθεσή του ο Παγκόσμιος Οργανισμός Υγείας (ΠΟΥ) κάνουν λόγο για 6,5 εκατομμύρια θανάτους μέχρι σήμερα»||
139|Η κλιματική αλλαγή επηρεάζει τόσο την εμφάνιση νέων μεταδοτικών ασθενειών καθώς και το δυναμικό μετάδοσής τους||
143|«Τις τελευταίες τρεις εβδομάδες, από τότε δηλαδή που η κυβέρνηση της Κίνας χαλάρωσε τα περιοριστικά μέτρα και τα lockdown για την αντιμετώπιση του κορονοϊού, χιλιάδες άνθρωποι πεθαίνουν καθημερινά στη χώρα. [...] Οι πληροφορίες κάνουν αναφορά για τουλάχιστον 5.000 θανάτους από κορονοϊό ημερησίως, ωστόσο πολλοί από αυτούς δεν ανακοινώνονται». ||
167|(...), εντάξαμε τα προγράμματα σεξουαλικής αγωγής στα σχολεία, (...)||
145|«Ο κόσμος δεν ήταν ποτέ σε καλύτερη θέση για να βάλει τέλος στην πανδημία της COVID-19, δήλωσε ο επικεφαλής του ΠΟΥ - Οι θάνατοι από κορωνοϊό την περασμένη εβδομάδα ήταν οι λιγότεροι από τον Μάρτιο του 2020»||
104|Νότης Μηταράκης: «Βρήκαμε 95.000 άτομα και τώρα έχουμε κάτω από 5.000 στα νησιά»||
163|Έσπασε ρεκόρ η θερμοκρασία του Μαρτίου, ανησυχητικές διαπιστώσεις||
177|Για κακοκαιρία Daniel: «Πρέπει να περιμένουμε κάτι τέτοιο ξανά σε 18.000 χρόνια»||
182|Oι εμβολιασμοί πρέπει να συνεχιστούν, καθώς η κάλυψη ακόμα και σε πλούσιες χώρες παραμένει χαμηλή, με το 30% του υγειονομικού προσωπικού και το 20% των ηλικιωμένων να παραμένει ανεμβολίαστο. ||
13|"Ν. Κοτζιάς: '"Η Ελληνική Κυβέρνηση συμφώνησε με ΕΕ να μεταφέρονται πρόσφυγες από Λιβύη σε ελληνικά λιμάνια'""||
165|Ο φράχτης υπήρχε όταν ανέλαβα το 2015. Τώρα θα γίνει η επέκτασή του||
152|Τουλάχιστον 17 εκατομμύρια Ευρωπαίοι αντιμετώπισαν προβλήματα που οφείλονται στη μακρά Covid (long Covid) τα έτη 2020 και 2021||
181|Δεκαπλασιάστηκε η ισχύς των ΑΠΕ που τίθενται σε λειτουργία κάθε χρόνο στην Ελλάδα||
107|Νάσος Ηλιόπουλος: «Την περίοδο 2015-2019 η εγκληματικότητα στην Ελλάδα μειώθηκε και βρισκόταν κάτω από τους ευρωπαϊκούς μέσους όρους». ||
85|Ο επικεφαλής της Ιντερπόλ Γιούργκεν Στοκ προειδοποίησε σήμερα ότι αναμένει “δραματική” αύξηση της εγκληματικότητας κατά την διανομή των εμβολίων κατά του κορονοϊού||
164|"'"Καταφέραμε και είμαστε 7οι στον κόσμο σε παραγωγή καθαρής ενέργειας'" "||
133|'Υπερμεγέθεις τάξεις και υγειονομικά ανοχύρωτα σχολεία, δήθεν πρωτόκολλα και παραβιάσεις των οδηγιών του ΕΟΔΥ, υψηλά ποσοστά νόσησης του μαθητικού πληθυσμού και κλειστά σχολεία για διάστημα-ρεκόρ στην Ευρωπαϊκή Ένωση''. ||
158|«Εάν ο [παγετώνας] Thwaites διαλυθεί, οι επιστήμονες εκτιμούν ότι θα μπορούσε να αυξήσει τη στάθμη της θάλασσας κατά περισσότερο από ένα μέτρο - αρκετά για να βυθίσει τμήματα παράκτιων πόλεων παγκοσμίως, από το Τόκιο έως το Ντουμπάι και το Μαϊάμι, γράφει η Fast Company» ||
172|Οι μισοί νόμιμοι μετανάστες είναι αλβανικής καταγωγής και οι άλλοι μισοί Ευρωπαίοι πολίτες.||
184|Έκθεση κατατάσσει την Τουρκία στην πρώτη θέση στην Ευρώπη για το οργανωμένο έγκλημα||
170|«Στο περιβάλλον, έχουμε μια μεγάλη επιτυχία στον Δήμο Φυλής την έγκριση της επένδυσης της Ανάπλασης της Χωματερής και τη δημιουργία Πάρκου Ανανεώσιμων Πηγών Ενέργειας» ||
128|«Περάσαμε σχεδόν 1,5 χρόνο καραντίνας λόγω κοροναϊού. Σε αυτό το διάστημα αυξήθηκαν τα κρούσματα ενδοοικογενειακής βίας. Στον τομέα αυτό η ΕΛΑΣ επιδιώκει να αναπτύξει στενή σχέση με την αυτοδιοίκηση». ||
129|«Με την συμφωνία στο Eurogroup για τη μονιμοποίηση του νησιωτικού Φ.Π.Α. στα 5 νησιά του Αιγαίου που επηρεάζονται από την μεταναστευτική κρίση, δίνεται επιτέλους μια οριστική λύση σε ένα σημαντικό ζήτημα που είχε προκαλέσει η απόφαση της προηγούμενης κυβέρνησης ΣΥΡΙΖΑ/ΑΝΕΛ να τον καταργήσει. […] Η Κυβέρνηση εκπληρώνει με συνέπεια και αποτελεσματικότητα τις δεσμεύσεις της προς τις νησιωτικές κοινωνίες». ||
8|"'"[Το πρώτο τρίμηνο του] 2020 [έχουμε] μείωση διαμενόντων στα ΚΥΤ κατά 5,3%'""||
80|«Μετά το Φεβρουάριο και το Μάρτιο του 2020, όταν δεκάδες χιλιάδες μετανάστες σπρώχθηκαν στα ελληνικά σύνορα από την Τουρκία για να ασκήσουν πίεση στην ΕΕ, η Τουρκία δεν είναι σε θέση να μας υπαγορεύσει ή να μας δώσει μαθήματα||
179|«Στην περιοχή της νότιας Σιβηρίας αποκαλύφθηκαν εδάφη μετά το λιώσιμο των πάγων. Είναι πιθανό, παλαιοί ιοί που είχαν καταψυχθεί και ήταν εγκλωβισμένοι μέσα στους αιώνιους παγετώνες, να απελευθερωθούν. Είτε με τον αέρα, είτε με τα πουλιά ή με άλλο τρόπο μπορεί να μεταφερθούν σε γειτονικές περιοχές».||
175|Κυριάκος Βελόπουλος: Η πράσινη ενέργεια δεν αποθηκεύεται ||
99|Νότης Μηταράκης: «Οι κατηγορίες που απευθύνονται στην Ελλάδα [για επαναπροωθήσεις μεταναστών] είναι παντελώς αβάσιμες»||
162|Οι ροές των τελευταίων δύο ετών είναι οι χαμηλότερες της δεκαετίας||
185|Σε ιδιαιτέρως αυξημένα επίπεδα κινήθηκαν οι αφίξεις προσφύγων και μεταναστών τον Οκτώβριο||
155|«Εκτιμάται ότι παγκοσμίως το 13% του ενήλικου πληθυσμού είναι παχύσαρκο».  ||
156|Τραυματισμός φωτορεπόρτερ από κρότου λάμψης στη διαμαρτυρία για τα Τέμπη||
132|«Ήταν χαρά μου να συναντηθούμε σήμερα, σε ένα τελείως διαφορετικό περιβάλλον σε σχέση με την πρώτη μας συνάντηση τον Ιανουάριο του 2020. Η Ελλάδα ήταν σε θέση να αντιμετωπίσει τον αντίκτυπο της μεταναστευτικής κρίσης κατά τους τελευταίους μήνες, μειώνοντας τις πρωτογενείς ροές προς την ΕΕ [...]». ||
6|«Ο αριθμός (των μεταναστών) (στη Λέσβο) έχει τριπλασιαστεί από το Σεπτέμβριο (του 2019)» (η δήλωση είναι του Φεβρουαρίου 2020)||
159|Τι προκάλεσε την κακοκαιρία «Μπάρμπαρα»; Συνδέεται με την κλιματική κρίση; Καθηγητής απαντά||
171|Γαλλικός Τύπος: Πώς η Ελλάδα τα καταφέρνει καλύτερα στο μεταναστευτικό||
103|Konstantinos Moutzouris expressed certainty the camps would not be built||
148|Τον Ιανουάριο (του 2023) θα τεθεί σε δημόσια διαβούλευση ο Νέος Κώδικας Μετανάστευσης||
174|Εντός του 2023 ήρθαν παράνομα στην Ελλάδα περίπου 34 χιλιάδες'||
23|"Ερντογάν: '"[Στην Ελλάδα, στα σύνορα] ανοίγουν πυρ εναντίον αθώων ανθρώπων'""||
111|Νότης Μηταράκης: «Παράνομες ροές μεταναστών που προσπαθούν να παραβιάσουν τα εθνικά σύνορα, με τη βοήθεια και τη διευκόλυνση των εγκληματικών δικτύων λαθροδιακίνησης, πρέπει να αποτραπούν. Αυτό δεν είναι μόνο ένα κυριαρχικό δικαίωμα ή επιλογή ενός έθνους, αλλά μία υποχρέωση που προκύπτει από το Διεθνές και Ευρωπαϊκό Δίκαιο».||
166|"'"Το σημαντικότερο για το ΜέΡΑ25-Συμμαχία για τη Ρήξη αλλά κυρίως για την ενημέρωση των πολιτών, ήταν ότι καταφέραμε να εισάγουμε [σ.σ στο debate της 10ης Μαΐου 2023]  ως μία από τις έξι θεματικές το Περιβάλλον και την Κλιματική καταστροφή, ένα θέμα που δεν υπήρχε στις προτεραιότητες των υπολοίπων κομμάτων,...'""||
176|Το παραμύθι της κλιματικής αλλαγής ||
169|Η ενέργεια από ΑΠΕ δεν αποθηκεύεται||
147|Είδαμε τη χώρα μας να γίνεται η χειρότερη σε όλο το Δυτικό κόσμο σε απώλειες αναλογικά με το πληθυσμό της από την πανδημία||
161|"'"Δεν κρύψαμε τίποτα'" (Θεοκλής Ζαούτης, πρόεδρος ΕΟΔΥ, για τους τρεις θανάτους παιδιών από στρεπτόκοκκο)"||
157|Κοροναϊός: Η ομάδα αίματος που προστατεύει από νόσηση||
154|«Το 2020, 2,6 δισεκατομμύρια άνθρωποι, ή το 38% του παγκόσμιου πληθυσμού, ήταν υπέρβαροι ή παχύσαρκοι» ||
173|«Με σειρά νόμων δώσαμε ισχυρή ώθηση στην εισαγωγή ΑΠΕ στο ενεργειακό μας μείγμα» ||
150|"«Έχουμε έξαρση στις καταγγελίες και όχι στις δολοφονίες με έμφυλη διάσταση'""||
183|H υγεία του εγκεφάλου των ατόμων άνω των 50 ετών επιδεινώθηκε ταχύτερα κατά τη διάρκεια της πανδημίας||
130|«Στη σημερινή συνεδρίαση του Eurogroup, ελήφθη οριστικά η απόφαση για μόνιμη μείωση ΦΠΑ στα 5 νησιά του Ανατολικού Αιγαίου (Χίος, Λέσβος, Κως, Λέρος και Σάμος) εφεξής και για όσο διάστημα συνεχίζουν να λειτουργούν σε αυτά δομές φιλοξενίας. Η απόφαση αυτή αποσυνδέει, για πρώτη φορά, την εφαρμογή του μειωμένου Φ.Π.Α. από τον αριθμό των διαμενόντων στις δομές φιλοξενίας, αλλά και την μεταβλητότητα των μεταναστευτικών ροών. Η σχετική τροπολογία θα κατατεθεί τις επόμενες ημέρες από το Υπουργείο Οικονομικών προς ψήφιση στη Βουλή»||
144|«Υπάρχει μεγάλη επιδημία, πάνω 12.000 καταγεγραμμένα κρούσματα ιλαράς σε λίγες μέρες [στην Ινδία], γιατί με την καταστροφή που είχαν με τον κορονοϊό δεν έκαναν τους σωστούς εμβολιασμούς και τα μωρά που γεννήθηκαν πέρυσι μείναν ανεμβολίαστα, νοσούν και πεθαίνουν φέτος»||
